Saint Petersburg,Russian Federation,59.89444,30.26417,1875,764
Tokyo,Japan,35.6895,139.69171,1875,780.621
Philadelphia,United States of America,39.95,-75.1667,1875,791
Istanbul,Turkey,41.005275,28.976944,1875,873
Beijing,China,39.9075,116.39723,1875,900
Vienna,Austria,48.20849,16.37208,1875,1020
Berlin,Germany,52.52437,13.41053,1875,1045
New York,United States of America,40.714353,-74.005972,1875,1900
Paris,France,48.856614,2.352222,1875,2250
London,United Kingdom,51.511214,-0.119825,1875,4241
